{
    "$schema": "https://raw.githubusercontent.com/budak7273/ContentLib_Documentation/main/JsonSchemas/CL_Recipe.json",
    "Name": "Single Output Plastic",
    "Ingredients": [
        {
            "Item": "Desc_LiquidOil",
            "Amount": 4000
        }
    ],
    "Products": [
        {
            "Item": "Desc_Plastic",
            "Amount": 4
        }
    ],
    "ManufacturingDuration": 4,
    "ProducedIn": [
        "Build_OilRefinery"
    ],
    "OverrideCategory": "QOL_Refinery_Recipes"
}