{
    "$schema": "https://raw.githubusercontent.com/budak7273/ContentLib_Documentation/main/JsonSchemas/CL_Recipe.json",
    "Name": "Single Output Heavy Oil Residue",
    "Ingredients": [
        {
            "Item": "Desc_LiquidOil",
            "Amount": 4000
        }
    ],
    "Products": [
        {
            "Item": "Desc_HeavyOilResidue",
            "Amount": 5000
        }
    ],
    "ManufacturingDuration": 3,
    "ProducedIn": [
        "Build_OilRefinery"
    ]
}